,0
SearchServlet,0
search_menu(jsp),0
search_page(jsp),0
ResetPassword,1
login(jsp),1
resetpassword(jsp),1
cart(jsp),2
GioHangServlet,2
Cart,2
ConfirmServlet,3
HistoryDAO,3
HistoryDAOImpl,3
history(jsp),3
history(table),3
History,3
LoginServlet,3
RegisterServlet,3
UpdateUser,3
UserDAO,3
UserDAOImpl,3
LogoutServlet,3
User,3
register(jsp),3
update_user(jsp),3
user(table),3
category(jsp),3
category(table),3
CategoryDAO,3
CategoryDAOImpl,3
ProductDAO,3
ProductDAOImpl,3
detail(jsp),3
Category,3
Product,3
product(jsp),3
product(table),3
index(jsp),3
DBConnect,3
footer(jsp),3
